"code","number","edition","character","series","quality","obtainedDate","obtainedTimestamp","burnValue","dye.code","dye.name","frame","morphed","trimmed","tag","alias","wishlists","fights","dropQuality","dropper","grabber","guild","worker.effort","worker.style","worker.purity","worker.grabber","worker.dropper","worker.quickness","worker.toughness","worker.vanity","worker.recoveryDate","worker.recoveryTimestamp"
"v4s2480","4703","3","Pian Er Chuan","Food Fantasy","1","Sat, 22 Mar 2025 14:37:42 GMT","1742654262814","18","","","","No","No","","","1","0","1","1345496003708588172","1345496003708588172","797920307284934697","13","F","S","S","S","A","F","D","",""
"v4sw5qs","73064","1","Bearded Goat","Arashi no Yoru ni","2","Sat, 22 Mar 2025 14:15:21 GMT","1742652921178","2","","","","No","No","","","0","0","2","1258103469164728365","1345496003708588172","797920307284934697","1","F","S","S","F","F","F","D","",""
"v4s2mwn","73176","1","Metis","Campione!","2","Sat, 22 Mar 2025 14:05:17 GMT","1742652317601","4","","","","No","No","","","0","0","2","688687114128588823","1345496003708588172","797920307284934697","1","F","S","S","F","F","F","D","",""
"v4s2v1m","36907","1","Ashito Aoi","Ao Ashi","2","Sat, 22 Mar 2025 12:55:53 GMT","1742648153021","21","","","","No","No","","","41","0","2","688687114128588823","1345496003708588172","797920307284934697","11","F","S","S","F","B","F","D","",""
"v4sh9jb","73500","1","Messina","JoJo's Bizarre Adventure","3","Sat, 22 Mar 2025 11:17:51 GMT","1742642271298","24","","","","No","No","collection","","1","0","3","688687114128588823","1345496003708588172","1256218217987313754","11","F","S","S","F","F","F","D","",""
"v4shp81","72810","1","Koyakko","Francesca","1","Sat, 22 Mar 2025 10:43:07 GMT","1742640187870","3","","","","No","No","","","1","0","1","1345496003708588172","1345496003708588172","1256218217987313754","1","F","S","S","S","S","F","D","",""
"v4sh9kv","10629","4","Annie Leonhart","Attack on Titan","4","Sat, 22 Mar 2025 10:07:17 GMT","1742638037256","329","","","","No","No","100-200","","172","0","4","1345496003708588172","1345496003708588172","1256218217987313754","178","F","S","S","S","A","F","D","",""
"v4d6x1s","44547","2","Yukino Aguria","Fairy Tail","2","Fri, 21 Mar 2025 23:31:41 GMT","1742599901505","37","","","","No","No","","","9","0","2","1345496003708588172","1345496003708588172","1256218217987313754","20","F","S","S","S","A","F","D","",""
"v4dxdjl","7872","5","Fujieda Mio","Phantom: Requiem for the Phantom","2","Fri, 21 Mar 2025 21:15:40 GMT","1742591740565","24","","","","No","No","","","1","0","2","1345496003708588172","1345496003708588172","797920307284934697","14","F","S","S","S","A","F","D","",""
"v4dxpz3","35838","2","Space Ishtar","Fate/Grand Order","2","Fri, 21 Mar 2025 19:30:16 GMT","1742585416811","46","","","","No","No","","","10","0","2","1345496003708588172","1345496003708588172","797920307284934697","25","F","S","S","S","A","F","D","",""
"v4dd7p1","36615","2","Moki","Peach Boy Riverside","2","Fri, 21 Mar 2025 17:42:21 GMT","1742578941241","13","","","","No","No","","","1","0","2","1345496003708588172","1345496003708588172","1256218217987313754","5","F","S","S","S","B","F","D","",""
"v4dsqwp","18331","3","Yatake Koji","Given","2","Fri, 21 Mar 2025 17:01:07 GMT","1742576467993","22","","","","No","No","","","3","0","2","737980149995274240","1345496003708588172","1256218217987313754","11","F","S","S","F","F","F","D","",""
"v4d79s3","73493","1","Dorian Kaioh","Baki OVA","4","Fri, 21 Mar 2025 16:01:40 GMT","1742572900402","23","","","","No","No","","","7","0","4","1258103469164728365","1345496003708588172","797920307284934697","11","F","S","S","F","D","F","D","",""
"v4d7bwj","73297","1","Yuzu Yosano","Go! Go! 575","2","Fri, 21 Mar 2025 15:31:42 GMT","1742571102030","2","","","","No","No","","","0","0","2","1258103469164728365","1345496003708588172","797920307284934697","1","F","S","S","F","F","F","D","",""
"v4ddvk1","6179","3","Lam","Neural Cloud","1","Fri, 21 Mar 2025 15:04:24 GMT","1742569464786","20","","","","No","No","","","2","0","1","1345496003708588172","1345496003708588172","1256218217987313754","13","F","S","S","S","S","F","D","",""
"v4dt524","1007","7","Iron Maiden Jeanne","Shaman King","1","Fri, 21 Mar 2025 14:12:01 GMT","1742566321586","26","","","","No","No","","","5","0","1","1345496003708588172","1345496003708588172","1256218217987313754","15","F","S","S","S","S","F","D","",""
"v4dtv6c","15432","3","Charles","Tales of Luminaria","2","Fri, 21 Mar 2025 13:25:26 GMT","1742563526044","25","","","","No","No","","","1","0","2","1345496003708588172","1345496003708588172","797920307284934697","14","F","S","S","S","A","F","D","",""
"v4dt16q","5355","3","Saki Kodaka","Extreme Hearts","3","Fri, 21 Mar 2025 12:53:47 GMT","1742561627111","48","","","","No","No","","","2","0","3","688687114128588823","1345496003708588172","797920307284934697","21","F","S","S","F","F","F","D","",""
"v4d82rp","27334","3","Lisa","Ponyo on the Cliff by the Sea","1","Fri, 21 Mar 2025 09:49:59 GMT","1742550599543","14","","","","No","No","","","10","0","1","1345496003708588172","1345496003708588172","1256218217987313754","8","F","S","S","S","A","F","D","",""
"v4dlxrd","41704","1","Oceanid","Genshin Impact","3","Fri, 21 Mar 2025 08:35:16 GMT","1742546116251","53","","","","No","No","","","2","0","3","1345496003708588172","1345496003708588172","797920307284934697","29","F","S","S","S","S","F","D","",""
"v4dljk6","4116","6","Zuizen","Mobile Fighter G Gundam","2","Fri, 21 Mar 2025 07:25:23 GMT","1742541923305","21","","","","No","No","","","0","0","2","688687114128588823","1345496003708588172","1256218217987313754","11","F","S","S","F","S","F","D","",""
"v4d3p4h","73558","1","Liz","Mysteria Friends","1","Thu, 20 Mar 2025 22:28:30 GMT","1742509710407","3","","","","No","No","","","1","0","1","1345496003708588172","1345496003708588172","1256218217987313754","1","F","S","S","S","B","F","D","",""
"v4d32fx","26485","2","Mitachurl","Genshin Impact","1","Thu, 20 Mar 2025 21:58:23 GMT","1742507903242","19","","","","No","No","","","1","0","1","1345496003708588172","1345496003708588172","797920307284934697","13","F","S","S","S","A","F","D","",""
"v4drk1l","73375","1","Clothing Store Employee","Miss Kobayashi's Dragon Maid","4","Thu, 20 Mar 2025 21:37:07 GMT","1742506627781","16","","","","No","No","","","1","0","4","1258103469164728365","1345496003708588172","797920307284934697","6","F","S","S","F","F","F","D","",""
"v4dr0rh","43923","2","Boris Konev","Legend of the Galactic Heroes","4","Thu, 20 Mar 2025 21:24:44 GMT","1742505884739","38","","","","No","No","","","1","0","4","688687114128588823","1345496003708588172","797920307284934697","19","F","S","S","F","F","F","D","",""
"v4dpzsh","8807","4","Noah","Parallel World Pharmacy","0","Thu, 20 Mar 2025 20:25:16 GMT","1742502316639","5","","","","No","No","","","1","0","0","1345496003708588172","1345496003708588172","1256218217987313754","1","F","S","S","S","A","F","D","",""
"v4dp08m","73175","1","Spencer Petrov","Beyblade","0","Thu, 20 Mar 2025 19:38:56 GMT","1742499536187","1","","","","No","No","","","0","0","0","1345496003708588172","1345496003708588172","1256218217987313754","0","F","S","S","S","A","F","D","",""
"v4dpb36","6693","5","Vignette Tsukinose April","Gabriel Dropout","0","Thu, 20 Mar 2025 18:05:17 GMT","1742493917532","10","","","","No","No","","","13","0","0","1345496003708588172","1345496003708588172","797920307284934697","6","F","S","S","S","S","F","D","",""
"v4db1h3","1806","5","Daana","Sugar Apple Fairy Tale Part 2","4","Thu, 20 Mar 2025 08:14:15 GMT","1742458455867","134","","","","No","No","","","0","0","4","1345496003708588172","1345496003708588172","797920307284934697","73","F","S","S","S","A","F","D","",""
"v4djrvg","1414","7","Lees","Farming Life in Another World","1","Thu, 20 Mar 2025 07:39:43 GMT","1742456383259","23","","","","No","No","","","1","0","1","688687114128588823","1345496003708588172","1256218217987313754","13","F","S","S","F","A","F","D","",""
"v4d255l","38992","2","Shuuichi Akai","Detective Conan","0","Wed, 19 Mar 2025 21:11:51 GMT","1742418711485","6","","","","No","No","","","17","0","0","","1345496003708588172","1256218217987313754","4","F","S","S","F","F","F","D","",""
"v4dh5gq","15542","4","Kumajiro","Hetalia: Axis Powers","1","Wed, 19 Mar 2025 20:07:57 GMT","1742414877478","14","","","","No","No","","","2","1","1","1345496003708588172","1345496003708588172","1256218217987313754","8","F","S","S","S","S","D","D","",""
"v4dqj80","73474","1","Ellis","Cobra the Animation","2","Wed, 19 Mar 2025 19:17:52 GMT","1742411872831","9","","","","No","No","","","1","0","2","1345496003708588172","1345496003708588172","1256218217987313754","4","F","S","S","S","A","F","D","",""
"v4d0pmh","26956","2","Mineo Enomoto","Collar X Malice","2","Wed, 19 Mar 2025 18:02:31 GMT","1742407351845","26","","","","No","No","","","9","0","2","1345496003708588172","1345496003708588172","797920307284934697","15","F","S","S","S","A","F","D","",""
"v4d0t3r","17062","2","Keyaruga","Redo of Healer","1","Wed, 19 Mar 2025 16:07:30 GMT","1742400450719","30","","","","No","No","","","71","0","1","1345496003708588172","1345496003708588172","1256218217987313754","18","F","S","S","S","A","F","D","",""
"v4d0ngb","1207","7","Trainer","Uma Musume: Pretty Derby","3","Wed, 19 Mar 2025 15:41:45 GMT","1742398905337","75","","","","No","No","","","1","0","3","688687114128588823","1345496003708588172","1256218217987313754","35","F","S","S","F","F","F","D","",""
"v4dvb5m","73390","1","Yuutarou's Mother","House of Five Leaves","2","Wed, 19 Mar 2025 14:38:23 GMT","1742395103449","1","","","","No","No","","","0","0","2","1345496003708588172","1345496003708588172","1256218217987313754","0","F","S","S","S","A","F","D","",""
"v4dmbp3","43880","2","Zagine Axeloake","Black Cat","0","Wed, 19 Mar 2025 12:43:16 GMT","1742388196048","4","","","","No","No","","","1","0","0","688687114128588823","1345496003708588172","797920307284934697","1","F","S","S","F","A","F","D","",""
"v47cm92","1031","7","Satori Komeiji","Touhou Project","2","Wed, 19 Mar 2025 12:06:27 GMT","1742385987599","67","","","","No","No","","","29","0","2","1345496003708588172","1345496003708588172","797920307284934697","35","F","S","S","S","C","F","D","",""
"v47c8hh","3736","6","Riri Fushigi","Romantic Killer","2","Wed, 19 Mar 2025 11:22:53 GMT","1742383373211","48","","","","No","No","","","4","0","2","1345496003708588172","1345496003708588172","797920307284934697","25","F","S","S","S","A","F","D","",""
"v476spx","10697","4","Silque","Fire Emblem Echoes: Shadows of Valentia","3","Wed, 19 Mar 2025 10:31:38 GMT","1742380298921","67","","","","No","No","","","3","0","3","1345496003708588172","1345496003708588172","1256218217987313754","38","F","S","S","S","A","F","D","",""
"v47f5bb","73060","1","Kiyoshi Terai","Assassination Classroom","3","Tue, 18 Mar 2025 17:17:08 GMT","1742318228888","9","","","","No","No","","","1","0","3","1345496003708588172","1345496003708588172","797920307284934697","4","F","S","S","S","D","F","D","",""
"v479bpb","26193","2","Viola","Soulcalibur V","2","Tue, 18 Mar 2025 15:45:42 GMT","1742312742310","22","","","","No","No","","","1","0","2","688687114128588823","1345496003708588172","797920307284934697","11","F","S","S","F","F","F","D","",""
"v47g91f","73577","1","Amemiya","Citrus","2","Tue, 18 Mar 2025 14:21:39 GMT","1742307699403","4","","","","No","No","","","1","0","2","1345496003708588172","1345496003708588172","797920307284934697","1","F","S","S","S","A","F","D","",""
"v4790q3","5691","4","Seyrarm Munzer","Shaman King","1","Tue, 18 Mar 2025 13:26:17 GMT","1742304377091","14","","","","No","No","","","1","0","1","1345496003708588172","1345496003708588172","797920307284934697","8","F","S","S","S","B","F","D","",""
"v47g7rr","73358","1","Aya Hirano","Lucky Star","2","Tue, 18 Mar 2025 12:54:05 GMT","1742302445195","7","","","","No","No","","","1","0","2","688687114128588823","1345496003708588172","797920307284934697","4","F","S","S","F","B","F","D","",""
"v47ghg9","72864","1","Nadi","Death March to the Parallel World Rhapsody","0","Tue, 18 Mar 2025 12:24:17 GMT","1742300657143","1","","","","No","No","","","1","0","0","1345496003708588172","1345496003708588172","797920307284934697","0","F","S","S","S","B","F","D","",""
"v4fx88n","3688","6","Elma","Miss Kobayashi's Dragon Maid","3","Tue, 18 Mar 2025 11:27:27 GMT","1742297247824","149","","","","No","No","100-200","","133","0","3","688687114128588823","688687114128588823","797920307284934697","71","F","S","F","F","A","F","D","",""
"v4t7j72","1406","5","Xianyun","Genshin Impact","3","Tue, 18 Mar 2025 11:27:24 GMT","1742297244709","170","","","","No","No","100-200","","134","0","3","688687114128588823","688687114128588823","797920307284934697","81","F","S","F","F","A","F","D","",""
"v47hsbz","18140","2","Aqua","KonoSuba: God's blessing on this wonderful world!","2","Tue, 18 Mar 2025 11:24:13 GMT","1742297053292","82","","","","No","No","600","","624","0","2","688687114128588823","688687114128588823","797920307284934697","35","F","S","F","F","F","F","D","",""
"v473vxh","73339","1","Taro","Mob Psycho 100","0","Tue, 18 Mar 2025 11:22:06 GMT","1742296926711","1","","","","No","No","","","1","0","0","688687114128588823","1345496003708588172","797920307284934697","0","F","S","S","F","F","F","D","",""
"v473bdv","73307","1","Nekomata","Yo-kai Watch","1","Tue, 18 Mar 2025 10:45:46 GMT","1742294746945","6","","","","No","No","","","1","0","1","1345496003708588172","1345496003708588172","797920307284934697","4","F","S","S","S","F","F","D","",""
"v47rs68","806","6","Haru Nabatame","Shine Post","2","Tue, 18 Mar 2025 10:04:49 GMT","1742292289578","50","","","","No","No","","","2","0","2","688687114128588823","1345496003708588172","797920307284934697","26","F","S","S","F","A","F","D","",""
"v47r4kg","9359","3","Shinomiya Runa","Virtual eSports Project","3","Tue, 18 Mar 2025 05:53:40 GMT","1742277220703","91","","","","No","No","","","12","0","3","1345496003708588172","1345496003708588172","797920307284934697","49","F","S","S","S","A","F","D","",""
"v47b2r1","73888","1","Denpakukozou","Yo-kai Watch","2","Mon, 17 Mar 2025 19:12:55 GMT","1742238775556","3","","","","No","No","","","1","0","2","688687114128588823","1345496003708588172","1256218217987313754","1","F","S","S","F","B","F","D","",""
"v47bk7q","73579","1","Ashibe's Mother","Shounen Ashibe: Go! Go! Goma-chan","2","Mon, 17 Mar 2025 16:12:58 GMT","1742227978077","1","","","","No","No","","","0","0","2","815158328446418945","1345496003708588172","648031568756998155","0","F","S","S","F","S","F","D","",""
"v475dnd","23411","2","Hanako Kamado","Demon Slayer: Kimetsu no Yaiba","2","Mon, 17 Mar 2025 15:56:34 GMT","1742226994181","51","","","","No","No","","","1","0","2","1345496003708588172","1345496003708588172","1256218217987313754","28","F","S","S","S","A","F","D","",""
"v47wq27","8293","5","Iskahn","Sword Art Online: Alicization - War of Underworld","0","Mon, 17 Mar 2025 09:46:37 GMT","1742204797562","9","","","","No","No","","","6","0","0","1345496003708588172","1345496003708588172","1256218217987313754","4","F","S","S","S","A","F","D","",""
"v4726ls","3714","6","Dabi","My Hero Academia 2","2","Mon, 17 Mar 2025 09:05:45 GMT","1742202345597","87","","","","No","No","400-600","","553","0","2","688687114128588823","688687114128588823","797920307284934697","43","F","S","F","F","A","F","D","",""
"v47h8ct","73348","1","Roza","Sword Art Online Alternative: Gun Gale Online","1","Mon, 17 Mar 2025 09:05:05 GMT","1742202305294","2","","","","No","No","","","1","0","1","1345496003708588172","1345496003708588172","797920307284934697","1","F","S","S","S","A","F","D","",""
"v47qp9s","56486","1","Kamish","Solo Leveling","1","Mon, 17 Mar 2025 05:44:39 GMT","1742190279447","13","","","","No","No","","","9","0","1","1345496003708588172","1345496003708588172","797920307284934697","5","F","S","S","S","A","F","D","",""
"v47m0gt","72988","1","Theodore Sherman","To the Abandoned Sacred Beasts","2","Sun, 16 Mar 2025 23:33:07 GMT","1742167987638","2","","","","No","No","","","0","0","2","","1345496003708588172","648031568756998155","1","F","S","S","F","A","F","D","",""
"v47vw0p","3462","3","Jack-7","Tekken 7","3","Sun, 16 Mar 2025 23:14:38 GMT","1742166878753","57","","","","No","No","","","2","0","3","1345496003708588172","1345496003708588172","797920307284934697","28","F","S","S","S","C","F","D","",""
"v47mc1w","38438","2","Kei Jinguji","Hyperdimension Neptunia mk2","2","Sun, 16 Mar 2025 22:41:10 GMT","1742164870436","22","","","","No","No","","","1","0","2","1345496003708588172","1345496003708588172","797920307284934697","14","F","S","S","S","A","F","D","",""
"v4t6wps","19215","1","Wyvern","Farming Life in Another World","2","Sun, 16 Mar 2025 19:33:37 GMT","1742153617785","6","","","","No","No","","","0","0","2","1345496003708588172","1345496003708588172","797920307284934697","4","F","S","S","S","B","F","D","",""
"v4t6hxs","2180","3","Fern","Frieren: Beyond Journey's End","3","Sun, 16 Mar 2025 17:32:00 GMT","1742146320475","164","","","","No","No","999","","1517","0","3","688687114128588823","1345496003708588172","797920307284934697","83","F","S","S","F","A","F","D","",""
"v4ttcc1","16592","2","Shiho Manabe","Classroom of the Elite","1","Sun, 16 Mar 2025 12:57:15 GMT","1742129835464","16","","","","No","No","","","1","0","1","1345496003708588172","1345496003708588172","797920307284934697","8","F","S","S","S","A","F","D","",""
"v4ttl0w","73662","1","Himiko","Phoenix","3","Sun, 16 Mar 2025 12:00:15 GMT","1742126415647","2","","","","No","No","","","0","0","3","688687114128588823","1345496003708588172","797920307284934697","1","F","S","S","F","A","F","D","",""
"v4t7v91","3948","6","Momomi Kiyashiki","Strawberry Panic","2","Sun, 16 Mar 2025 11:42:38 GMT","1742125358033","30","","","","No","No","","","1","0","2","1345496003708588172","1345496003708588172","797920307284934697","18","F","S","S","S","A","F","D","",""
"v4tr5lx","71545","1","Wakaba Kohashi","Wakaba*Girl","4","Sat, 15 Mar 2025 19:20:07 GMT","1742066407746","22","","","","No","No","","","1","0","4","688687114128588823","1345496003708588172","797920307284934697","11","F","S","S","F","F","F","D","",""
"v4t4xcz","2521","3","Machi Kuga","A Galaxy Next Door","2","Sat, 15 Mar 2025 17:47:35 GMT","1742060855515","30","","","","No","No","","","1","0","2","1345496003708588172","1345496003708588172","797920307284934697","18","F","S","S","S","A","F","D","",""
"v4t43t5","12319","4","Shenhua","Black Lagoon","3","Sat, 15 Mar 2025 17:16:47 GMT","1742059007690","64","","","","No","No","","","1","0","3","1258103469164728365","1345496003708588172","797920307284934697","30","F","S","S","F","F","F","D","",""
"v4tzq8m","72915","1","Rinka Kouichi","Magical Girl Site","3","Sat, 15 Mar 2025 14:20:15 GMT","1742048415441","12","","","","No","No","","","1","0","3","688687114128588823","1345496003708588172","797920307284934697","5","F","S","S","F","B","F","D","",""
"v4t1cgq","73492","1","Rio Kinezono","Burn Up! Scramble","1","Sat, 15 Mar 2025 12:46:05 GMT","1742042765655","2","","","","No","No","","","0","0","1","688687114128588823","1345496003708588172","1256218217987313754","1","F","S","S","F","F","F","D","",""
"v4tnccd","73391","1","Kabutops","Pokémon Origins","4","Sat, 15 Mar 2025 12:05:38 GMT","1742040338285","50","","","","No","No","","","1","0","4","1345496003708588172","1345496003708588172","1256218217987313754","28","F","S","S","S","A","F","D","",""
"v4t1cxv","3573","6","Iori Izumi","IDOLiSH7","1","Sat, 15 Mar 2025 11:26:51 GMT","1742038011854","20","","","","No","No","","","11","0","1","688687114128588823","1345496003708588172","1256218217987313754","10","F","S","S","F","C","F","D","",""
"v4tnlvg","73095","1","Nikumaru Tanaka","UQ Holder!","2","Sat, 15 Mar 2025 10:59:03 GMT","1742036343366","1","","","","No","No","","","1","0","2","1345496003708588172","1345496003708588172","797920307284934697","0","F","S","S","S","A","F","D","",""
"v4tj7xb","18412","3","Mito","Nausicaa of the Valley of the Wind","2","Sat, 15 Mar 2025 09:33:44 GMT","1742031224852","18","","","","No","No","collection","","1","0","2","688687114128588823","1345496003708588172","797920307284934697","11","F","S","S","F","A","F","D","",""
"v4tkt70","73073","1","Tsukimaru","Samurai Warriors","2","Fri, 14 Mar 2025 22:51:11 GMT","1741992671775","4","","","","No","No","","","1","0","2","688687114128588823","1345496003708588172","797920307284934697","1","F","S","S","F","D","F","D","",""
"v4tw3h5","55760","1","Steel","Elsword","1","Fri, 14 Mar 2025 22:27:42 GMT","1741991262360","4","","","","No","No","","","1","0","1","1345496003708588172","1345496003708588172","797920307284934697","1","F","S","S","S","S","F","D","",""
"v4t0tx8","1105","7","Beidou","Genshin Impact","3","Fri, 14 Mar 2025 16:19:27 GMT","1741969167528","177","","","","No","No","200-400","","297","0","3","1345496003708588172","1345496003708588172","1256218217987313754","96","F","S","S","S","S","F","D","",""
"v4t06gh","975","7","Kyousuke Yaguchi","Yarichin Bitch-bu","3","Fri, 14 Mar 2025 15:04:47 GMT","1741964687926","119","","","","No","No","","","15","0","3","1345496003708588172","1345496003708588172","797920307284934697","66","F","S","S","S","A","F","D","",""
"v4tmn7b","1018","7","Enta Jinnai","Sarazanmai","2","Fri, 14 Mar 2025 10:23:14 GMT","1741947794451","39","","","","No","No","","","1","0","2","688687114128588823","1345496003708588172","797920307284934697","19","F","S","S","F","F","F","D","",""
"v48cc1m","1208","7","Mima Kirigoe","Perfect Blue","2","Fri, 14 Mar 2025 09:30:16 GMT","1741944616889","62","","","","No","No","collection","","72","0","2","1345496003708588172","1345496003708588172","797920307284934697","36","F","S","S","S","A","F","D","",""
"v48cmd4","44185","2","Sailor Galaxia","Sailor Moon Sailor Stars","4","Fri, 14 Mar 2025 05:45:36 GMT","1741931136886","134","","","","No","No","","","4","0","4","1345496003708588172","1345496003708588172","797920307284934697","71","F","S","S","S","B","F","D","",""
"v487tkj","72715","1","Ayamo's Brother","Stratos 4","2","Thu, 13 Mar 2025 21:08:53 GMT","1741900133497","1","","","","No","No","","","0","0","2","1258103469164728365","1345496003708588172","797920307284934697","0","F","S","S","F","B","F","D","",""
"v487qjq","27766","2","Winged Kuriboh LV10","Yu-Gi-Oh! GX","3","Thu, 13 Mar 2025 20:39:10 GMT","1741898350878","35","","","","No","No","","","1","0","3","1258103469164728365","1345496003708588172","797920307284934697","16","F","S","S","F","F","F","D","",""
"v48t2rm","73913","1","Norio Koga","Shadow Star Narutaru","3","Thu, 13 Mar 2025 20:22:10 GMT","1741897330330","3","","","","No","No","","","1","0","3","688687114128588823","1345496003708588172","797920307284934697","1","F","S","S","F","F","F","D","",""
"v48tc8f","72435","1","Noel Vermillion","BlazBlue: Alter Memory","1","Thu, 13 Mar 2025 20:11:22 GMT","1741896682115","4","","","","No","No","","","7","0","1","1345496003708588172","1345496003708588172","797920307284934697","1","F","S","S","S","A","F","D","",""
"v4882k5","73179","1","Voss","Beastars","2","Thu, 13 Mar 2025 18:15:33 GMT","1741889733199","8","","","","No","No","","","1","0","2","1345496003708588172","1345496003708588172","797920307284934697","4","F","S","S","S","A","F","D","",""
"v488q80","22048","3","Larva","Tsukimichi: Moonlit Fantasy","4","Thu, 13 Mar 2025 16:38:48 GMT","1741883928473","87","","","","No","No","","","1","0","4","1345496003708588172","1345496003708588172","797920307284934697","48","F","S","S","S","A","F","D","",""
"v48lnc8","73121","1","Ouji","Shaman King","0","Thu, 13 Mar 2025 15:35:42 GMT","1741880142554","1","","","","No","No","","","0","0","0","1345496003708588172","1345496003708588172","797920307284934697","0","F","S","S","S","A","F","D","",""
"v483p3n","72997","1","Senator Ron Davis","Resident Evil: Degeneration","2","Thu, 13 Mar 2025 06:36:55 GMT","1741847815450","4","","","","No","No","","","1","0","2","688687114128588823","1345496003708588172","797920307284934697","1","F","S","S","F","S","F","D","",""
"v48z9xh","25496","3","Houji Sadojima","Rurouni Kenshin","3","Wed, 12 Mar 2025 21:47:08 GMT","1741816028915","25","","","","No","No","","","1","0","3","1345496003708588172","1345496003708588172","1256218217987313754","14","F","S","S","S","A","F","D","",""
"v48n195","26824","3","Chizuru Hishiro","ReLIFE","4","Wed, 12 Mar 2025 20:20:19 GMT","1741810819809","156","","","","No","No","","","37","0","4","1345496003708588172","1345496003708588172","1256218217987313754","85","F","S","S","S","A","F","D","",""
"v48nkm4","10271","2","Yuisha","Raven of the Inner Palace","2","Wed, 12 Mar 2025 17:57:28 GMT","1741802248698","13","","","","No","No","","","0","0","2","1345496003708588172","1345496003708588172","797920307284934697","6","F","S","S","S","A","F","D","",""
"v48j3pz","50240","1","Hot Pants","JoJo's Bizarre Adventure: Steel Ball Run","4","Wed, 12 Mar 2025 16:58:08 GMT","1741798688520","131","","","","No","No","collection","","36","0","4","","1345496003708588172","797920307284934697","64","F","S","S","F","C","F","D","",""
"v48jv2w","72690","1","Kagenari","Apocalypse Zero","2","Wed, 12 Mar 2025 16:40:37 GMT","1741797637660","1","","","","No","No","","","0","0","2","1345496003708588172","1345496003708588172","797920307284934697","0","F","S","S","S","A","F","D","",""
"v48j31j","73405","1","Mamoru Zaitsu","Hatsukoi Limited","3","Wed, 12 Mar 2025 16:04:23 GMT","1741795463284","4","","","","No","No","","","1","0","3","1345496003708588172","1345496003708588172","797920307284934697","1","F","S","S","S","A","F","D","",""
"v48brmr","4463","4","Pochi","Do It Yourself!!","2","Wed, 12 Mar 2025 15:27:45 GMT","1741793265859","28","","","","No","No","","","1","0","2","1345496003708588172","1345496003708588172","797920307284934697","14","F","S","S","S","F","F","D","",""
"v48kln9","73702","1","Kalbi the Butcher","Akame ga Kill!","2","Wed, 12 Mar 2025 11:59:34 GMT","1741780774321","6","","","","No","No","","","0","0","2","1345496003708588172","1345496003708588172","797920307284934697","4","F","S","S","S","B","F","D","",""
"v48k17c","3180","3","Frankie Stein","Monster High: Kowai-ke Girls","2","Wed, 12 Mar 2025 10:20:56 GMT","1741774856435","47","","","","No","No","","","18","0","2","1345496003708588172","1345496003708588172","797920307284934697","25","F","S","S","S","A","F","D","",""
"v48wxtc","23620","1","Carrot Ranka","Epic Seven","2","Wed, 12 Mar 2025 09:41:46 GMT","1741772506435","14","","","","No","No","","","1","0","2","1345496003708588172","1345496003708588172","797920307284934697","8","F","S","S","S","A","F","D","",""
"v48226f","72920","1","Dentist","Teekyuu 2 Specials","2","Wed, 12 Mar 2025 07:06:58 GMT","1741763218703","1","","","","No","No","","","0","0","2","688687114128588823","1345496003708588172","797920307284934697","0","F","S","S","F","B","F","D","",""
"v48wln3","11145","4","Homura Akemi","Puella Magi Madoka Magica","1","Wed, 12 Mar 2025 06:52:56 GMT","1741762376850","33","","","","No","No","200-400","","366","0","1","1345496003708588172","1345496003708588172","797920307284934697","18","F","S","S","S","A","F","D","",""
"v4l6p63","5353","3","Kaede","Fena: Pirate Princess","0","Tue, 11 Mar 2025 18:00:06 GMT","1741716006883","4","","","","No","No","","","1","0","0","688687114128588823","1345496003708588172","797920307284934697","1","F","S","S","F","S","F","D","",""
"v4l63qz","72753","1","Police Detective","Descending Stories: Shouwa Genroku Rakugo Shinjuu","1","Tue, 11 Mar 2025 16:59:47 GMT","1741712387154","1","","","","No","No","","","0","0","1","1345496003708588172","1345496003708588172","797920307284934697","0","F","S","S","S","D","F","D","",""
"v4l7s81","58760","1","Lady Wac","Megadimension Neptunia VII","2","Tue, 11 Mar 2025 07:39:39 GMT","1741678779322","15","","","","No","No","","","1","0","2","1345496003708588172","1345496003708588172","797920307284934697","6","F","S","S","S","C","F","D","",""
"v4l3jdf","25883","1","Fumi Kamiyama","Blue Period","2","Mon, 10 Mar 2025 19:34:38 GMT","1741635278819","12","","","","No","No","","","1","0","2","688687114128588823","1345496003708588172","797920307284934697","5","F","S","S","F","F","F","D","",""
"v4lrjfg","3014","3","Saimon Shishido","Revenger","0","Mon, 10 Mar 2025 18:25:50 GMT","1741631150664","5","","","","No","No","","","0","0","0","","1345496003708588172","797920307284934697","1","F","S","S","F","F","F","D","",""
"v4lrk0d","8126","5","Albus","Grimoire of Zero","2","Mon, 10 Mar 2025 18:12:58 GMT","1741630378839","32","","","","No","No","","","1","0","2","1345496003708588172","1345496003708588172","797920307284934697","18","F","S","S","S","A","F","D","",""
"v4lr1jk","827","7","Female Kana","Fire Emblem Fates","2","Mon, 10 Mar 2025 17:42:19 GMT","1741628539436","60","","","","No","No","","","1","0","2","1345496003708588172","1345496003708588172","797920307284934697","35","F","S","S","S","A","F","D","",""
"v4lrxkj","982","7","Hello Kitty","Hello Kitty's Animation Theater","2","Mon, 10 Mar 2025 16:53:26 GMT","1741625606620","86","","","","No","No","100-200","","153","0","2","1345496003708588172","1345496003708588172","797920307284934697","49","F","S","S","S","S","F","D","",""
"v4lp5kb","48566","1","Shishibe Shion","Kyoukai Senki","2","Mon, 10 Mar 2025 16:11:42 GMT","1741623102414","5","","","","No","No","","","1","0","2","1345496003708588172","1345496003708588172","797920307284934697","1","F","S","S","S","A","F","D","",""
"v4lnj55","71957","1","Emilia","Lapis Re:LiGHTs","2","Mon, 10 Mar 2025 05:44:27 GMT","1741585467474","9","","","","No","No","","","1","0","2","1345496003708588172","1345496003708588172","797920307284934697","4","F","S","S","S","B","F","D","",""
"v4lk6hp","11467","4","Franken Stein","Soul Eater","0","Sun, 09 Mar 2025 23:36:19 GMT","1741563379332","17","","","","No","No","100-200","","124","0","0","1345496003708588172","1345496003708588172","797920307284934697","8","F","S","S","S","A","F","D","",""
"v4lkgt0","72324","1","Rage Hida","ARP Backstage Pass","3","Sun, 09 Mar 2025 22:42:38 GMT","1741560158121","8","","","","No","No","","","1","0","3","1345496003708588172","1345496003708588172","797920307284934697","4","F","S","S","S","A","F","D","",""
"v4lwfk6","27989","1","Herb Vendor","Cautious Hero: The Hero Is Overpowered but Overly Cautious","3","Sun, 09 Mar 2025 20:58:33 GMT","1741553913838","6","","","","No","No","","","0","0","3","1345496003708588172","1345496003708588172","797920307284934697","4","F","S","S","S","S","F","D","",""
"v4lw4js","15218","4","Muramasa","Senran Kagura: New Wave","3","Sun, 09 Mar 2025 19:53:44 GMT","1741550024591","93","","","","No","No","","","2","0","3","1345496003708588172","1345496003708588172","797920307284934697","49","F","S","S","S","A","F","D","",""
"v4lh7fv","19551","3","Rei Kiseijou","Hyperdimension Neptunia","2","Sun, 09 Mar 2025 17:25:49 GMT","1741541149380","41","","","","No","No","","","3","0","2","1345496003708588172","1345496003708588172","797920307284934697","23","F","S","S","S","A","F","D","",""
"v4lvzsr","6345","4","Megistus","Miss Kuroitsu from the Monster Development Department","4","Sun, 09 Mar 2025 11:54:43 GMT","1741521283082","86","","","","No","No","","","1","0","4","1345496003708588172","1345496003708588172","797920307284934697","48","F","S","S","S","A","F","D","",""
"v4fdk37","29524","1","Men Tao","Shaman King (2021)","2","Sat, 08 Mar 2025 22:02:02 GMT","1741471322021","9","","","","No","No","","","1","0","2","1345496003708588172","1345496003708588172","797920307284934697","4","F","S","S","S","A","F","D","",""
"v4f7t14","26661","2","Red's Mega Charizard X","Pokémon Origins","1","Sat, 08 Mar 2025 21:14:09 GMT","1741468449835","21","","","","No","No","","","6","0","1","1345496003708588172","1345496003708588172","797920307284934697","13","F","S","S","S","A","F","D","",""
"v4f7qx4","70121","1","Feraligatr","Pokémon","0","Sat, 08 Mar 2025 20:43:35 GMT","1741466615558","4","","","","No","No","","","4","0","0","688687114128588823","1345496003708588172","797920307284934697","1","F","S","S","F","F","F","D","",""
"v4f71qb","3516","6","Leslie Blanc","Deep Insanity: The Lost Child","1","Sat, 08 Mar 2025 19:10:29 GMT","1741461029797","15","","","","No","No","","","1","0","1","1345496003708588172","1345496003708588172","797920307284934697","8","F","S","S","S","A","F","D","",""
"v4f85sf","4954","2","Charmy","The Kingdoms of Ruin","2","Sat, 08 Mar 2025 18:02:03 GMT","1741456923822","21","","","","No","No","","","1","0","2","1258103469164728365","1345496003708588172","797920307284934697","10","F","S","S","F","F","F","D","",""
"v4ftpd9","72643","1","Type II","Z/X: Ignition","0","Sat, 08 Mar 2025 17:43:54 GMT","1741455834985","1","","","","No","No","","","1","0","0","1345496003708588172","1345496003708588172","797920307284934697","0","F","S","S","S","A","F","D","",""
"v4f8w6s","16224","4","Susanoo","Akame ga Kill!","3","Sat, 08 Mar 2025 16:49:05 GMT","1741452545177","94","","","","No","No","","","11","0","3","1345496003708588172","1345496003708588172","797920307284934697","51","F","S","S","S","S","F","D","",""
"v4fl64q","72984","1","Funny","Funny Pets","2","Sat, 08 Mar 2025 16:27:07 GMT","1741451227939","4","","","","No","No","","","2","0","2","1258103469164728365","1345496003708588172","797920307284934697","1","F","S","S","F","F","F","D","",""
"v4fljdv","73240","1","Tabitha","Claymore","2","Sat, 08 Mar 2025 16:05:16 GMT","1741449916995","5","","","","No","No","","","1","0","2","1345496003708588172","1345496003708588172","797920307284934697","1","F","S","S","S","A","F","D","",""
"v4ffxq1","6802","3","Sayu Yagami","Death Note","1","Sat, 08 Mar 2025 15:26:52 GMT","1741447612260","21","","","","No","No","collection","","3","0","1","1258103469164728365","1258103469164728365","797920307284934697","10","F","S","F","F","B","F","D","",""
"v4ffxqz","19073","3","Doctor Onishi","Akira","3","Sat, 08 Mar 2025 15:26:37 GMT","1741447597416","30","","","","No","No","","","1","0","3","1258103469164728365","1345496003708588172","797920307284934697","16","F","S","S","F","B","F","D","",""
"v4fln3j","41694","2","Machi Kuragi","Fruits Basket 2nd Season","2","Sat, 08 Mar 2025 14:56:36 GMT","1741445796061","31","","","","No","No","","","2","0","2","1258103469164728365","1345496003708588172","797920307284934697","15","F","S","S","F","C","F","D","",""
"v4ff9r8","20600","2","Almana","In the Land of Leadale","0","Sat, 08 Mar 2025 14:46:05 GMT","1741445165196","4","","","","No","No","","","1","0","0","1345496003708588172","1345496003708588172","797920307284934697","1","F","S","S","S","B","F","D","",""
"v4fl2tz","872","7","Miguel Caballero Rojo","Tekken 6","2","Sat, 08 Mar 2025 14:05:38 GMT","1741442738782","57","","","","No","No","","","3","0","2","1345496003708588172","1345496003708588172","797920307284934697","31","F","S","S","S","A","F","D","",""
"v4ffwrr","69896","1","Slakoth","Pokémon Advanced","0","Sat, 08 Mar 2025 13:14:30 GMT","1741439670373","2","","","","No","No","","","1","0","0","1345496003708588172","1345496003708588172","797920307284934697","1","F","S","S","S","A","F","D","",""
"v4ffq73","5241","2","Seiya Shiina","The Aristocrat's Otherworldly Adventure: Serving Gods Who Go Too Far","0","Sat, 08 Mar 2025 12:31:19 GMT","1741437079211","3","","","","No","No","","","0","0","0","688687114128588823","1345496003708588172","797920307284934697","1","F","S","S","F","B","F","D","",""
"v4f92pg","3491","6","Vanitas","The Case Study of Vanitas","0","Sat, 08 Mar 2025 11:06:13 GMT","1741431973567","20","","","","No","No","600","","747","0","0","1345496003708588172","1345496003708588172","797920307284934697","13","F","S","S","S","S","F","D","",""
"v4f9jjz","18906","2","Kurisu Makise","Steins;Gate","0","Sat, 08 Mar 2025 10:42:56 GMT","1741430576727","19","","","","No","No","600","","751","0","0","688687114128588823","1345496003708588172","797920307284934697","11","F","S","S","F","S","F","D","",""
"v4f9q5w","73005","1","Jin Shirato","Persona 3 the Movie 2: Midsummer Knight's Dream","3","Sat, 08 Mar 2025 10:21:07 GMT","1741429267116","18","","","","No","No","","","1","0","3","1345496003708588172","1345496003708588172","797920307284934697","13","F","S","S","S","B","F","D","",""
"v4fzzzw","1794","5","Short","Reborn as a Vending Machine, I Now Wander the Dungeon","2","Fri, 07 Mar 2025 22:09:56 GMT","1741385396527","28","","","","No","No","","","0","0","2","688687114128588823","1345496003708588172","797920307284934697","14","F","S","S","F","B","F","D","",""
"v4fjmnj","72644","1","Ryoku","Kemurikusa","1","Fri, 07 Mar 2025 16:36:53 GMT","1741365413525","1","","","","No","No","","","1","0","1","688687114128588823","1345496003708588172","797920307284934697","0","F","S","S","F","D","F","D","",""
"v4fjjnj","73211","1","Sosogu Hoshifuri","Pop Team Epic","4","Fri, 07 Mar 2025 15:59:11 GMT","1741363151131","30","","","","No","No","","","1","0","4","1345496003708588172","1345496003708588172","797920307284934697","16","F","S","S","S","C","F","D","",""
"v4f5x0f","72433","1","Tomoe Kaburagi","Tiger & Bunny","1","Fri, 07 Mar 2025 15:22:33 GMT","1741360953517","1","","","","No","No","","","0","0","1","1258103469164728365","1345496003708588172","797920307284934697","0","F","S","S","F","F","F","D","",""
"v4f5clk","4041","6","Nishikigi Chisato","Lycoris Recoil","3","Fri, 07 Mar 2025 14:56:59 GMT","1741359419337","154","","","","No","No","600","","803","0","3","1345496003708588172","1345496003708588172","797920307284934697","86","F","S","S","S","S","F","D","",""
"v4f51xr","44485","2","Doctor Heartless","Lord El-Melloi II's Case Files {Rail Zeppelin} Grace note","4","Fri, 07 Mar 2025 11:02:15 GMT","1741345335289","55","","","","No","No","","","1","0","4","1345496003708588172","1345496003708588172","797920307284934697","28","F","S","S","S","B","F","D","",""
"v4f556k","1882","6","Esora Shibaura","Technoroid: Overmind","1","Fri, 07 Mar 2025 10:31:15 GMT","1741343475044","18","","","","No","No","","","1","0","1","688687114128588823","1345496003708588172","797920307284934697","11","F","S","S","F","A","F","D","",""
"v4fk37g","2060","3","Gazef Stronoff","Overlord","1","Fri, 07 Mar 2025 10:01:05 GMT","1741341665902","18","","","","No","No","","","6","0","1","688687114128588823","1345496003708588172","797920307284934697","11","F","S","S","F","A","F","D","",""
"v4fhl5d","44675","2","Rhodanse","Violet Evergarden","1","Fri, 07 Mar 2025 05:43:48 GMT","1741326228148","9","","","","No","No","","","1","0","1","688687114128588823","1345496003708588172","797920307284934697","4","F","S","S","F","A","F","D","",""
"v4f04bt","73161","1","Yutaka Kobayakawa","Lucky Star","4","Thu, 06 Mar 2025 22:14:46 GMT","1741299286009","41","","","","No","No","collection","","2","0","4","1345496003708588172","1345496003708588172","797920307284934697","23","F","S","S","S","A","F","D","",""
"v49cbct","5952","5","Dabi","My Hero Academia 2","2","Thu, 06 Mar 2025 20:05:59 GMT","1741291559550","85","","","","No","No","400-600","","553","0","2","1345496003708588172","1345496003708588172","797920307284934697","44","F","S","S","S","A","F","D","",""
"v49cw1h","10297","4","Josuke Higashikata","JoJo's Bizarre Adventure: JoJolion","4","Thu, 06 Mar 2025 19:31:52 GMT","1741289512473","308","","","","No","No","collection","","196","0","4","688687114128588823","1345496003708588172","797920307284934697","159","F","S","S","F","S","F","D","",""
"v49c0qj","72853","1","Kentucky","The Thousand Musketeers","2","Thu, 06 Mar 2025 17:20:29 GMT","1741281629604","5","","","","No","No","","","1","0","2","688687114128588823","1345496003708588172","797920307284934697","1","F","S","S","F","F","F","D","",""
"v497k2l","72881","1","Simon","The Seven Deadly Sins","2","Thu, 06 Mar 2025 05:59:18 GMT","1741240758964","12","","","","No","No","","","1","0","2","1345496003708588172","1345496003708588172","797920307284934697","5","F","S","S","S","F","F","D","",""
"v49f140","73013","1","Ginshu","Children of the Whales","3","Wed, 05 Mar 2025 22:38:49 GMT","1741214329795","12","","","","No","No","","","2","0","3","1258103469164728365","1345496003708588172","797920307284934697","5","F","S","S","F","D","F","D","",""
"v49gq6d","9618","3","Jim Crocodile Cook","Yu-Gi-Oh! GX","0","Wed, 05 Mar 2025 22:06:43 GMT","1741212403797","6","","","","No","No","","","2","0","0","1345496003708588172","1345496003708588172","797920307284934697","4","F","S","S","S","A","F","D","",""
"v4991lq","3869","6","Yotsuba Nakano","The Quintessential Quintuplets","1","Wed, 05 Mar 2025 21:36:07 GMT","1741210567537","41","","","","No","No","collection","","644","0","1","1345496003708588172","1345496003708588172","797920307284934697","23","F","S","S","S","S","F","D","",""
"v49g4zr","18250","2","Aoi Kiriya","Aikatsu!","2","Wed, 05 Mar 2025 21:05:51 GMT","1741208751954","24","","","","No","No","","","9","0","2","1345496003708588172","1345496003708588172","797920307284934697","14","F","S","S","S","A","F","D","",""
"v49gjlv","21241","1","Wan Shi Tong","Avatar: The Last Airbender","2","Wed, 05 Mar 2025 19:29:28 GMT","1741202968895","22","","","","No","No","","","3","0","2","1345496003708588172","1345496003708588172","797920307284934697","13","F","S","S","S","D","F","D","",""
"v493z2v","11","6","Kohei Hayasaka","ARGONAVIS from BanG Dream!","2","Wed, 05 Mar 2025 17:32:44 GMT","1741195964691","65","","","","No","No","","","1","0","2","688687114128588823","1345496003708588172","797920307284934697","43","F","S","S","F","A","F","A","",""
"v49r1q4","50563","1","Derem Kado","Nijisanji ID","4","Wed, 05 Mar 2025 16:46:35 GMT","1741193195160","82","","","","No","No","","","1","0","4","1345496003708588172","1345496003708588172","797920307284934697","45","F","S","S","S","A","F","D","",""
"v49pc9r","6740","5","Mahito","Jujutsu Kaisen","3","Wed, 05 Mar 2025 16:18:20 GMT","1741191500476","168","","","","No","No","200-400","","345","0","3","688687114128588823","688687114128588823","797920307284934697","74","F","S","F","F","D","F","D","",""
"v49r0b4","27463","3","Gueira","Promare","2","Wed, 05 Mar 2025 16:15:58 GMT","1741191358557","22","","","","No","No","","","1","0","2","1258103469164728365","1345496003708588172","797920307284934697","11","F","S","S","F","C","F","D","",""
"v49pkwt","72827","1","Kyousuke Masuda","High Score","3","Wed, 05 Mar 2025 15:36:44 GMT","1741189004101","5","","","","No","No","","","1","0","3","1345496003708588172","1345496003708588172","797920307284934697","1","F","S","S","S","A","F","D","",""
"v4943gc","72801","1","Flame Boy","Kaidan Restaurant","4","Wed, 05 Mar 2025 14:45:45 GMT","1741185945849","21","","","","No","No","","","1","0","4","1258103469164728365","1345496003708588172","797920307284934697","10","F","S","S","F","F","F","D","",""
"v494vkl","69994","1","Two-Headed King Rex","Yu-Gi-Oh! Duel Monsters","0","Wed, 05 Mar 2025 14:32:05 GMT","1741185125919","1","","","","No","No","","","1","0","0","688687114128588823","1345496003708588172","797920307284934697","0","F","S","S","F","A","F","D","",""
"v49zdll","23319","1","Cherub","Food Fantasy","2","Wed, 05 Mar 2025 13:10:42 GMT","1741180242618","19","","","","No","No","","","5","0","2","1345496003708588172","1345496003708588172","797920307284934697","13","F","S","S","S","A","F","D","",""
"v4942nt","23657","1","Sonia","Pokémon: Twilight Wings","0","Wed, 05 Mar 2025 12:39:26 GMT","1741178366956","6","","","","No","No","","","7","0","0","1345496003708588172","1345496003708588172","797920307284934697","4","F","S","S","S","A","F","D","",""
"v49zqfs","25035","1","Uriel","The Seven Heavenly Virtues","1","Wed, 05 Mar 2025 12:03:49 GMT","1741176229021","10","","","","No","No","","","4","0","1","1345496003708588172","1345496003708588172","797920307284934697","6","F","S","S","S","A","F","D","",""
"v491m77","576","6","Orton","My Unique Skill Makes Me OP Even at Level 1","1","Wed, 05 Mar 2025 11:28:23 GMT","1741174103675","17","","","","No","No","","","0","0","1","688687114128588823","1345496003708588172","797920307284934697","8","F","S","S","F","A","F","D","",""
"v491585","72598","1","Manami Mitama","A Centaur's Life","2","Wed, 05 Mar 2025 11:04:59 GMT","1741172699644","6","","","","No","No","","","1","0","2","","1345496003708588172","797920307284934697","4","F","S","S","F","B","F","D","",""
"v49zjww","73160","1","Forest Bear","Love Kome: We Love Rice","3","Wed, 05 Mar 2025 10:44:10 GMT","1741171450463","1","","","","No","No","","","1","0","3","1345496003708588172","1345496003708588172","797920307284934697","0","F","S","S","S","A","F","D","",""
"v49z57g","72523","1","Kamaitachi","Karas","1","Wed, 05 Mar 2025 10:13:19 GMT","1741169599561","1","","","","No","No","","","0","0","1","688687114128588823","1345496003708588172","797920307284934697","0","F","S","S","F","B","F","D","",""
"v4917gd","73103","1","Kazusa Ootori","Kono Oto Tomare!","1","Wed, 05 Mar 2025 10:03:12 GMT","1741168992541","2","","","","No","No","","","0","0","1","1345496003708588172","1345496003708588172","797920307284934697","1","F","S","S","S","S","F","D","",""
"v491lvf","72905","1","Moore Hesse","D.Gray-man","2","Wed, 05 Mar 2025 09:39:40 GMT","1741167580985","2","","","","No","No","","","0","0","2","688687114128588823","1345496003708588172","797920307284934697","1","F","S","S","F","A","F","D","",""
"v491cmh","73078","1","Diana","Saint Seiya Omega","4","Wed, 05 Mar 2025 09:28:02 GMT","1741166882259","16","","","","No","No","","","0","0","4","1345496003708588172","1345496003708588172","797920307284934697","8","F","S","S","S","A","F","D","",""
"v49jmzq","72827","1","Werushiki","Moyashimon: Microbe Theatre Deluxe","1","Wed, 05 Mar 2025 07:02:28 GMT","1741158148252","1","","","","No","No","","","0","0","1","688687114128588823","1345496003708588172","797920307284934697","0","F","S","S","F","B","F","D","",""
"v49np3n","6741","5","Yuka Jennifer Sasago","D4DJ First Mix","3","Wed, 05 Mar 2025 06:45:00 GMT","1741157100772","80","","","","No","No","","","6","0","3","1345496003708588172","1345496003708588172","797920307284934697","39","F","S","S","S","F","F","D","",""
"v49kp9f","73382","1","Pooch","Barakamon","2","Wed, 05 Mar 2025 00:06:27 GMT","1741133187831","4","","","","No","No","","","1","0","2","1258103469164728365","1345496003708588172","797920307284934697","1","F","S","S","F","D","F","D","",""
"v49khqm","16515","3","Latvia","Hetalia: Axis Powers","1","Tue, 04 Mar 2025 23:47:15 GMT","1741132035019","12","","","","No","No","","","1","0","1","1345496003708588172","1345496003708588172","797920307284934697","5","F","S","S","S","F","F","D","",""
"v49kvd1","8039","1","Bard","Berserk of Gluttony","2","Tue, 04 Mar 2025 23:31:14 GMT","1741131074142","7","","","","No","No","","","0","0","2","688687114128588823","1345496003708588172","797920307284934697","4","F","S","S","F","B","F","D","",""
"v49wnn1","1388","7","Moona Hoshinova","Hololive ID","1","Tue, 04 Mar 2025 22:57:21 GMT","1741129041248","39","","","","No","No","100-200","","108","0","1","1345496003708588172","1345496003708588172","797920307284934697","23","F","S","S","S","A","F","D","",""
"v49k86n","21742","2","Naraku","InuYasha","2","Tue, 04 Mar 2025 22:19:09 GMT","1741126749272","32","","","","No","No","","","14","0","2","688687114128588823","1345496003708588172","797920307284934697","16","F","S","S","F","A","F","D","",""
"v492fkm","730","6","Tong","The Wrong Way to Use Healing Magic","2","Tue, 04 Mar 2025 21:28:04 GMT","1741123684877","38","","","","No","No","","","0","0","2","1258103469164728365","1345496003708588172","797920307284934697","19","F","S","S","F","F","F","D","",""
"v4921rz","4057","6","Raiga Straiga","Uncle from Another World","2","Tue, 04 Mar 2025 20:52:14 GMT","1741121534447","35","","","","No","No","","","2","0","2","1345496003708588172","1345496003708588172","797920307284934697","20","F","S","S","S","A","F","D","",""
"v49wm29","70730","1","Chacha","Dokyuu Hentai HxEros","1","Tue, 04 Mar 2025 20:13:01 GMT","1741119181694","5","","","","No","No","","","1","0","1","","1345496003708588172","797920307284934697","1","F","S","S","F","D","F","D","",""
"v49h4sh","18344","2","Keiko Mukai","Birdie Wing: Golf Girls' Story","3","Tue, 04 Mar 2025 19:45:00 GMT","1741117500882","38","","","","No","No","","","0","0","3","688687114128588823","1345496003708588172","797920307284934697","20","F","S","S","F","C","F","D","",""
"v4903bp","1666","1","Murr","Mahoutsukai no Yakusoku","2","Tue, 04 Mar 2025 18:22:13 GMT","1741112533591","26","","","","No","No","","","7","0","2","1345496003708588172","1345496003708588172","797920307284934697","15","F","S","S","S","B","F","D","",""
"v49hqdr","11042","1","Momoko Sonomura","Battle Game in 5 Seconds","3","Tue, 04 Mar 2025 18:08:35 GMT","1741111715998","7","","","","No","No","","","0","0","3","","1345496003708588172","797920307284934697","4","F","S","S","F","F","F","D","",""
"v49mf9c","1105","7","Ariadoa","Cautious Hero: The Hero Is Overpowered but Overly Cautious","2","Tue, 04 Mar 2025 13:26:40 GMT","1741094800068","48","","","","No","No","","","1","0","2","1345496003708588172","1345496003708588172","797920307284934697","25","F","S","S","S","A","F","D","",""
"v4gcw33","72499","1","Greg Egan","Eureka Seven","2","Tue, 04 Mar 2025 08:30:40 GMT","1741077040690","1","","","","No","No","","","1","0","2","1345496003708588172","1345496003708588172","797920307284934697","0","F","S","S","S","F","F","D","",""
"v4gcd91","11034","4","Pipimi","Pop Team Epic","2","Tue, 04 Mar 2025 08:20:35 GMT","1741076435416","42","","","","No","No","collection","","27","0","2","688687114128588823","1345496003708588172","797920307284934697","23","F","S","S","F","A","F","D","",""
"v4gctnz","72503","1","Sui Minamito","Gintama","0","Tue, 04 Mar 2025 07:57:47 GMT","1741075067397","1","","","","No","No","","","0","0","0","1345496003708588172","1345496003708588172","797920307284934697","0","F","S","S","S","B","F","D","",""
"v4g6rsp","17958","2","Kei Tsukishima","Haikyuu!!","2","Tue, 04 Mar 2025 07:45:14 GMT","1741074314127","79","","","","No","No","200-400","","246","0","2","688687114128588823","1345496003708588172","797920307284934697","41","F","S","S","F","A","F","D","",""
"v4gfq1z","11576","4","Shido Itsuka","Date a Live","1","Mon, 03 Mar 2025 18:53:17 GMT","1741027997128","23","","","","No","No","","","23","0","1","688687114128588823","1345496003708588172","797920307284934697","13","F","S","S","F","A","F","D","",""
"v4g9dsp","881","7","Taketora Yamamoto","Haikyuu!!","4","Mon, 03 Mar 2025 18:11:21 GMT","1741025481656","247","","","","No","No","","","6","0","4","688687114128588823","1345496003708588172","797920307284934697","131","F","S","S","F","S","F","D","",""
"v4g9r0z","72651","1","Elisiss","Eden's Bowy","3","Mon, 03 Mar 2025 17:52:31 GMT","1741024351002","6","","","","No","No","","","0","0","3","1258103469164728365","1345496003708588172","797920307284934697","4","F","S","S","F","F","F","D","",""
"v4g9znv","1078","7","Hisui","Tsukihime","2","Mon, 03 Mar 2025 17:23:17 GMT","1741022597007","52","","","","No","No","","","6","0","2","688687114128588823","1345496003708588172","797920307284934697","26","F","S","S","F","B","F","D","",""
"v4g9xm4","1136","7","Mist","Fire Emblem: Path of Radiance","3","Mon, 03 Mar 2025 16:49:37 GMT","1741020577806","104","","","","No","No","","","2","0","3","1345496003708588172","1345496003708588172","797920307284934697","58","F","S","S","S","A","F","D","",""
"v4gg2tw","72784","1","Matsuoka-Sensei","Kuromajo-san ga Tooru!!","2","Mon, 03 Mar 2025 16:28:38 GMT","1741019318103","1","","","","No","No","","","1","0","2","1258103469164728365","1345496003708588172","797920307284934697","0","F","S","S","F","F","F","D","",""
"v4gg3wz","72752","1","Misa Maruno","Urahara","2","Mon, 03 Mar 2025 16:14:34 GMT","1741018474138","4","","","","No","No","","","1","0","2","1345496003708588172","1345496003708588172","797920307284934697","1","F","S","S","S","A","F","D","",""
"v4grp98","1361","5","Kuroko Shirai","A Certain Magical Index","2","Mon, 03 Mar 2025 10:12:59 GMT","1740996779535","54","","","","No","No","","","31","0","2","688687114128588823","1345496003708588172","797920307284934697","29","F","S","S","F","A","F","D","",""
"v4grbsg","72458","1","Rio Oshiba","Lostorage Incited WIXOSS","1","Mon, 03 Mar 2025 09:35:11 GMT","1740994511263","2","","","","No","No","","","1","0","1","1345496003708588172","1345496003708588172","797920307284934697","1","F","S","S","S","F","F","D","",""
"v4gpz8c","73194","1","Delphox","Pokémon XY","2","Mon, 03 Mar 2025 08:58:22 GMT","1740992302469","18","","","","No","No","","","2","0","2","1345496003708588172","1345496003708588172","797920307284934697","13","F","S","S","S","A","F","D","",""
"v4g4j7g","72789","1","Aphrodite","The Golden Laws","1","Mon, 03 Mar 2025 05:57:42 GMT","1740981462992","1","","","","No","No","","","1","0","1","688687114128588823","1345496003708588172","797920307284934697","0","F","S","S","F","A","F","D","",""
"v4g4l1q","15844","2","Wolfgang Grimmer","Monster","2","Mon, 03 Mar 2025 05:47:08 GMT","1740980828936","17","","","","No","No","","","39","0","2","1345496003708588172","1345496003708588172","797920307284934697","8","F","S","S","S","A","F","D","",""
"v4gj4xg","72821","1","Jubei Yagyuu","Samurai Girls Specials","1","Sun, 02 Mar 2025 23:28:55 GMT","1740958135824","3","","","","No","No","","","1","0","1","688687114128588823","1345496003708588172","797920307284934697","1","F","S","S","F","B","F","D","",""
"v4gb7xh","13272","2","Eugen","Granblue Fantasy the Animation","3","Sun, 02 Mar 2025 22:28:49 GMT","1740954529928","37","","","","No","No","","","6","0","3","1345496003708588172","1345496003708588172","797920307284934697","19","F","S","S","S","A","F","D","",""
"v4gwswd","73042","1","Yuusaku Hanazawa","Golden Kamuy 2nd Season","2","Sun, 02 Mar 2025 19:08:55 GMT","1740942535652","3","","","","No","No","","","1","0","2","1345496003708588172","1345496003708588172","797920307284934697","1","F","S","S","S","A","F","D","",""
"v4g29jw","68625","1","Ai's Sister","Aria the Animation","1","Sun, 02 Mar 2025 17:17:16 GMT","1740935836115","1","","","","No","No","","","0","0","1","1258103469164728365","1345496003708588172","797920307284934697","0","F","S","S","F","F","F","D","",""
"v4g23rt","72997","1","Swordfish","Larva: Island","2","Sun, 02 Mar 2025 17:02:22 GMT","1740934942564","5","","","","No","No","","","1","0","2","688687114128588823","1345496003708588172","797920307284934697","1","F","S","S","F","A","F","D","",""
"v4gwb60","72473","1","Mei Hoshino","Yumekui Merry","2","Sun, 02 Mar 2025 16:24:05 GMT","1740932645662","4","","","","No","No","","","0","0","2","1345496003708588172","1345496003708588172","797920307284934697","1","F","S","S","S","A","F","D","",""
"v4g2cfd","3696","1","Lloyd's Subordinate A","Mashle","2","Sun, 02 Mar 2025 15:47:37 GMT","1740930457269","15","","","","No","No","","","1","0","2","688687114128588823","1345496003708588172","797920307284934697","6","F","S","S","F","C","F","D","",""
"v4g23fx","62102","1","U-2048","Cells at Work!!","4","Sun, 02 Mar 2025 15:17:32 GMT","1740928652328","49","","","","No","No","","","1","0","4","688687114128588823","1345496003708588172","797920307284934697","23","F","S","S","F","C","F","D","",""
"v4gh0g9","72421","1","Ryou Asama","The World God Only Knows: Goddesses Arc","1","Sun, 02 Mar 2025 14:34:25 GMT","1740926065583","1","","","","No","No","","","1","0","1","688687114128588823","1345496003708588172","797920307284934697","0","F","S","S","F","C","F","D","",""
"v4gqxbl","73345","1","Jean","Aikatsu Stars!","2","Sun, 02 Mar 2025 14:05:52 GMT","1740924352552","1","","","","No","No","","","1","0","2","1258103469164728365","1345496003708588172","797920307284934697","0","F","S","S","F","F","F","D","",""
"v4gh9jh","1668","2","Tawashi","Pluto","1","Sun, 02 Mar 2025 13:48:29 GMT","1740923309760","9","","","","No","No","","","0","0","1","688687114128588823","1345496003708588172","797920307284934697","4","F","S","S","F","B","F","D","",""
"v4gq607","72815","1","Eleven","Mamotte! Lollipop","1","Sun, 02 Mar 2025 13:15:28 GMT","1740921328059","1","","","","No","No","","","0","0","1","688687114128588823","1345496003708588172","797920307284934697","0","F","S","S","F","D","F","D","",""
"v4gq3m4","4480","3","Duck Confit","Food Fantasy","1","Sun, 02 Mar 2025 12:35:12 GMT","1740918912494","20","","","","No","No","","","1","0","1","688687114128588823","1345496003708588172","797920307284934697","11","F","S","S","F","B","F","D","",""
"v4g0fm1","58418","1","Shohoku English Teacher","Slam Dunk","3","Sun, 02 Mar 2025 11:56:08 GMT","1740916568279","4","","","","No","No","","","1","0","3","1345496003708588172","1345496003708588172","797920307284934697","1","F","S","S","S","C","F","D","",""
"v4g0lbv","72237","1","Marrow Amin","RWBY","3","Sun, 02 Mar 2025 11:12:41 GMT","1740913961233","11","","","","No","No","","","1","0","3","1345496003708588172","1345496003708588172","797920307284934697","5","F","S","S","S","C","F","D","",""
"v4g0ppp","2298","1","Empyrean Ilynav","Epic Seven","1","Sun, 02 Mar 2025 10:26:56 GMT","1740911216144","15","","","","No","No","","","1","0","1","688687114128588823","1345496003708588172","797920307284934697","6","F","S","S","F","D","F","D","",""
"v4g0flc","72389","1","Mare Selen El Philizar","Dame x Prince Anime Caravan","2","Sun, 02 Mar 2025 09:54:40 GMT","1740909280302","8","","","","No","No","","","2","0","2","1345496003708588172","1345496003708588172","797920307284934697","4","F","S","S","S","B","F","D","",""
"v436mzl","72822","1","Arson","Ninja Slayer from Animation","4","Sun, 02 Mar 2025 02:02:32 GMT","1740880952296","7","","","","No","No","","","1","0","4","1345496003708588172","1345496003708588172","797920307284934697","4","F","S","S","S","F","F","D","",""
"v4366q1","61111","1","Henning Heinich","Monster","1","Sun, 02 Mar 2025 01:13:54 GMT","1740878034386","1","","","","No","No","","","1","0","1","","1345496003708588172","797920307284934697","0","F","S","S","F","C","F","D","",""
"v436h5t","73185","1","Feng Jing","Devils' Line","2","Sun, 02 Mar 2025 01:01:31 GMT","1740877291187","2","","","","No","No","","","1","0","2","1345496003708588172","1345496003708588172","797920307284934697","1","F","S","S","S","F","F","D","",""
"v43xtgh","72272","1","Takao Oigami","Magical Warfare","2","Sun, 02 Mar 2025 00:15:42 GMT","1740874542315","2","","","","No","No","","","0","0","2","1345496003708588172","1345496003708588172","797920307284934697","1","F","S","S","S","B","F","D","",""
"v43xm2v","72451","1","Ning'er Xiao","Yaoshenji","3","Sat, 01 Mar 2025 23:45:51 GMT","1740872751138","12","","","","No","No","","","10","0","3","1345496003708588172","1345496003708588172","797920307284934697","5","F","S","S","S","F","F","D","",""
"v43xfn4","1464","2","Wezaemon the Tombguard","Shangri-La Frontier","0","Sat, 01 Mar 2025 23:15:10 GMT","1740870910457","11","","","","No","No","","","37","0","0","1345496003708588172","1345496003708588172","797920307284934697","5","F","S","S","S","B","F","D","",""
"v43xqpk","42640","2","Xuelan Liu","Darwin's Game","4","Sat, 01 Mar 2025 22:23:46 GMT","1740867826559","85","","","","No","No","","","2","0","4","1345496003708588172","1345496003708588172","797920307284934697","44","F","S","S","S","A","F","D","",""